"We use cookies!","Wir verwenden Cookies!"
"Hi, this website uses essential cookies to ensure its proper operation and tracking cookies to understand how you interact with it. The latter will be set only after consent. <button type=""button"" data-cc=""c-settings"" class=""cc-link"">Let me choose</button>","Hallo, diese Website verwendet essenzielle Cookies, um ihren ordnungsgem√§√üen Betrieb sicherzustellen, und Tracking-Cookies, um zu verstehen, wie Sie damit interagieren. Letztere werden erst nach Ihrer Zustimmung gesetzt. <button type=""button"" data-cc=""c-settings"" class=""cc-link"">Lassen Sie mich w√§hlen</button>"
"Accept all","Alle akzeptieren"
"Reject all","Alle ablehnen"
"Cookie preferences","Cookie-Einstellungen"
"Save settings","Einstellungen speichern"
"Cookie usage üì¢","Cookie-Nutzung üì¢"
"I use cookies to ensure the basic functionalities of the website and to enhance your online experience. You can choose for each category to opt-in/out whenever you want. For more details relative to cookies and other sensitive data, please read the full <a href=""#"" class=""cc-link"">privacy policy</a>.","Ich verwende Cookies, um die grundlegenden Funktionen der Website sicherzustellen und Ihr Online-Erlebnis zu verbessern. Sie k√∂nnen f√ºr jede Kategorie jederzeit ausw√§hlen, ob Sie zustimmen oder nicht. Weitere Informationen zu Cookies und anderen sensiblen Daten finden Sie in der vollst√§ndigen <a href=""#"" class=""cc-link"">Datenschutzerkl√§rung</a>."
"Strictly necessary cookies","Unbedingt erforderliche Cookies"
"These cookies are essential for the proper functioning of my website. Without these cookies, the website would not work properly.","Diese Cookies sind f√ºr die ordnungsgem√§√üe Funktion meiner Website unerl√§sslich. Ohne diese Cookies w√ºrde die Website nicht ordnungsgem√§√ü funktionieren."
"Performance and Analytics cookies","Performance- und Analyse-Cookies"
"These cookies allow the website to remember the choices you have made in the past (such as your username, language, or the region you are in) and provide enhanced, more personal features. They may also be used to provide services you have requested such as watching a video or commenting on a blog. The information these cookies collect may be anonymized and they cannot track your browsing activity on other websites.","Diese Cookies erm√∂glichen es der Website, sich an die in der Vergangenheit getroffenen Auswahlm√∂glichkeiten (wie Ihren Benutzernamen, Ihre Sprache oder die Region, in der Sie sich befinden) zu erinnern und erweiterte, pers√∂nlichere Funktionen bereitzustellen. Sie k√∂nnen auch verwendet werden, um die von Ihnen angeforderten Dienste bereitzustellen, wie das Ansehen eines Videos oder das Kommentieren eines Blogs. Die von diesen Cookies gesammelten Informationen k√∂nnen anonymisiert werden, und sie k√∂nnen Ihre Browsing-Aktivit√§ten auf anderen Websites nicht verfolgen."
"Advertisement and Targeting cookies","Werbungs- und Targeting-Cookies"
"These cookies collect information about how you use the website, which pages you visited, and which links you clicked on. All of the data is anonymized and cannot be used to identify you.","Diese Cookies sammeln Informationen dar√ºber, wie Sie die Website nutzen, welche Seiten Sie besucht haben und auf welche Links Sie geklickt haben. Alle Daten sind anonymisiert und k√∂nnen nicht zur Identifizierung verwendet werden."
"For any queries in relation to our policy on cookies and your choices, please <a class=""cc-link"" href=""/contact"">contact us</a>.","F√ºr Fragen im Zusammenhang mit unserer Cookie-Richtlinie und Ihren Auswahlm√∂glichkeiten kontaktieren Sie uns bitte unter <a class=""cc-link"" href=""/contact"">Kontakt</a>."
"Used to distinguish users.","Zur Unterscheidung von Benutzern."
"Domain","Dom√§ne"
"Expiration","Ablauf"
"2 years","2 Jahre"
"1 day","1 Tag"
