"We use cookies!","¬°Usamos cookies!"
"Hi, this website uses essential cookies to ensure its proper operation and tracking cookies to understand how you interact with it. The latter will be set only after consent. <button type=""button"" data-cc=""c-settings"" class=""cc-link"">Let me choose</button>","Hola, este sitio web utiliza cookies esenciales para garantizar su correcto funcionamiento y cookies de seguimiento para comprender c√≥mo interact√∫a con √©l. Estas √∫ltimas se establecer√°n solo despu√©s de su consentimiento. <button type=""button"" data-cc=""c-settings"" class=""cc-link"">D√©jame elegir</button>"
"Accept all","Aceptar todo"
"Reject all","Rechazar todo"
"Cookie preferences","Preferencias de cookies"
"Save settings","Guardar ajustes"
"Cookie usage üì¢","Uso de cookies üì¢"
"I use cookies to ensure the basic functionalities of the website and to enhance your online experience. You can choose for each category to opt-in/out whenever you want. For more details relative to cookies and other sensitive data, please read the full <a href=""#"" class=""cc-link"">privacy policy</a>.","Utilizo cookies para garantizar las funcionalidades b√°sicas del sitio web y mejorar su experiencia en l√≠nea. Puede elegir optar por cada categor√≠a en cualquier momento. Para obtener m√°s detalles sobre cookies y otros datos sensibles, lea la <a href=""#"" class=""cc-link"">pol√≠tica de privacidad</a> completa."
"Strictly necessary cookies","Cookies estrictamente necesarias"
"These cookies are essential for the proper functioning of my website. Without these cookies, the website would not work properly.","Estas cookies son esenciales para el correcto funcionamiento de mi sitio web. Sin estas cookies, el sitio web no funcionar√≠a correctamente."
"Performance and Analytics cookies","Cookies de rendimiento y an√°lisis"
"These cookies allow the website to remember the choices you have made in the past (such as your username, language, or the region you are in) and provide enhanced, more personal features. They may also be used to provide services you have requested such as watching a video or commenting on a blog. The information these cookies collect may be anonymized and they cannot track your browsing activity on other websites.","Estas cookies permiten que el sitio web recuerde las elecciones que ha realizado en el pasado (como su nombre de usuario, idioma o la regi√≥n en la que se encuentra) y brinde caracter√≠sticas mejoradas y m√°s personales. Tambi√©n pueden utilizarse para proporcionar servicios que haya solicitado, como ver un video o comentar en un blog. La informaci√≥n que recopilan estas cookies puede ser anonimizada y no pueden rastrear su actividad de navegaci√≥n en otros sitios web."
"Advertisement and Targeting cookies","Cookies publicitarias y de seguimiento"
"These cookies collect information about how you use the website, which pages you visited and which links you clicked on. All of the data is anonymized and cannot be used to identify you.","Estas cookies recopilan informaci√≥n sobre c√≥mo utiliza el sitio web, las p√°ginas que visit√≥ y los enlaces en los que hizo clic. Todos los datos est√°n anonimizados y no se pueden utilizar para identificarlo."
"For any queries in relation to our policy on cookies and your choices, please <a class=""cc-link"" href=""/contact"">contact us</a>.","Para cualquier consulta relacionada con nuestra pol√≠tica de cookies y sus opciones, por favor <a class=""cc-link"" href=""/contact"">cont√°ctenos</a>."
"Used to distinguish users.","Utilizado para distinguir a los usuarios."
"Domain","Dominio"
"Expiration","Caducidad"
"2 years","2 a√±os"
"1 day","1 d√≠a"
