"We use cookies!", "Nous utilisons des cookies!"
"Hi, this website uses essential cookies to ensure its proper operation and tracking cookies to understand how you interact with it. The latter will be set only after consent. <button type=""button"" data-cc=""c-settings"" class=""cc-link"">Let me choose</button>", "Bonjour, ce site utilise des cookies essentiels pour assurer son bon fonctionnement et des cookies de suivi pour comprendre comment vous l'interagissez. Ceux-ci seront d√©finis uniquement apr√®s votre consentement. <button type=""button"" data-cc=""c-settings"" class=""cc-link"">Laissez-moi choisir</button>"
"Accept all", "Accepter"
"Reject all", "Refuser"
"Cookie preferences", "Pr√©f√©rences de cookies"
"Save settings", "Enregistrer les param√®tres"
"Cookie usage üì¢", "Utilisation des cookies üì¢"
"I use cookies to ensure the basic functionalities of the website and to enhance your online experience. You can choose for each category to opt-in/out whenever you want. For more details relative to cookies and other sensitive data, please read the full <a href=""#"" class=""cc-link"">privacy policy</a>.", "J'utilise des cookies pour assurer les fonctionnalit√©s de base du site Web et pour am√©liorer votre exp√©rience en ligne. Vous pouvez choisir pour chaque cat√©gorie d'opt-in / out √† tout moment. Pour plus de d√©tails relatifs aux cookies et autres donn√©es sensibles, veuillez lire la <a href=""#"" class=""cc-link"">politique de confidentialit√©</a> compl√®te."
"Strictly necessary cookies", "Cookies strictement n√©cessaires"
"These cookies are essential for the proper functioning of my website. Without these cookies, the website would not work properly.", "Ces cookies sont essentiels au bon fonctionnement de mon site Web. Sans ces cookies, le site Web ne fonctionnerait pas correctement."
"Performance and Analytics cookies", "Cookies de performance et d'analyse"
"These cookies allow the website to remember the choices you have made in the past (such as your username, language or the region you are in) and provide enhanced, more personal features. They may also be used to provide services you have requested such as watching a video or commenting on a blog. The information these cookies collect may be anonymized and they cannot track your browsing activity on other websites.", "Ces cookies permettent au site Web de se souvenir des choix que vous avez faits dans le pass√© (tels que votre nom d'utilisateur, votre langue ou la r√©gion dans laquelle vous vous trouvez) et de fournir des fonctionnalit√©s am√©lior√©es et plus personnelles. Ils peuvent √©galement √™tre utilis√©s pour fournir des services que vous avez demand√©s, tels que la lecture d'une vid√©o ou la r√©daction d'un commentaire sur un blog. Les informations que ces cookies collectent peuvent √™tre anonymis√©es et ils ne peuvent pas suivre votre activit√© de navigation sur d'autres sites Web."
"Advertisement and Targeting cookies", "Cookies publicitaires et de ciblage"
"These cookies collect information about how you use the website, which pages you visited and which links you clicked on. All of the data is anonymized and cannot be used to identify you.", "Ces cookies collectent des informations sur la fa√ßon dont vous utilisez le site Web, les pages que vous avez visit√©es et les liens sur lesquels vous avez cliqu√©. Toutes les donn√©es sont anonymis√©es et ne peuvent pas √™tre utilis√©es pour vous identifier."
"Performance and Analytics cookies", "Cookies de performance et d'analyse"
"These cookies allow the website to remember the choices you have made in the past (such as your username, language or the region you are in) and provide enhanced, more personal features. They may also be used to provide services you have requested such as watching a video or commenting on a blog. The information these cookies collect may be anonymized and they cannot track your browsing activity on other websites.", "Ces cookies permettent au site Web de se souvenir des choix que vous avez faits dans le pass√© (tels que votre nom d'utilisateur, votre langue ou la r√©gion dans laquelle vous vous trouvez) et de fournir des fonctionnalit√©s am√©lior√©es et plus personnelles. Ils peuvent √©galement √™tre utilis√©s pour fournir des services que vous avez demand√©s, tels que la lecture d'une vid√©o ou la r√©daction d'un commentaire sur un blog. Les informations que ces cookies collectent peuvent √™tre anonymis√©es et ils ne peuvent pas suivre votre activit√© de navigation sur d'autres sites Web."
"Advertisement and Targeting cookies", "Cookies publicitaires et de ciblage"
"These cookies collect information about how you use the website, which pages you visited and which links you clicked on. All of the data is anonymized and cannot be used to identify you.", "Ces cookies collectent des informations sur la fa√ßon dont vous utilisez le site Web, les pages que vous avez visit√©es et les liens sur lesquels vous avez cliqu√©. Toutes les donn√©es sont anonymis√©es et ne peuvent pas √™tre utilis√©es pour vous identifier."
"For any queries in relation to our policy on cookies and your choices, please <a class=""cc-link"" href=""/contact"">contact us</a>.", "Pour toute question relative √† notre politique en mati√®re de cookies et vos choix, veuillez <a class=""class=""cc-link"" href=""/contact"">nous contacter</a>.
