"We use cookies!","Utilizamos cookies!"
"Hi, this website uses essential cookies to ensure its proper operation and tracking cookies to understand how you interact with it. The latter will be set only after consent. <button type=""button"" data-cc=""c-settings"" class=""cc-link"">Let me choose</button>","Ol√°, este site utiliza cookies essenciais para garantir o seu correto funcionamento e cookies de rastreamento para entender como voc√™ interage com ele. Estes √∫ltimos ser√£o definidos apenas ap√≥s consentimento. <button type=""button"" data-cc=""c-settings"" class=""cc-link"">Deixe-me escolher</button>"
"Accept all","Aceitar todos"
"Reject all","Rejeitar todos"
"Cookie preferences","Prefer√™ncias de cookies"
"Save settings","Guardar configura√ß√µes"
"Cookie usage üì¢","Utiliza√ß√£o de cookies üì¢"
"I use cookies to ensure the basic functionalities of the website and to enhance your online experience. You can choose for each category to opt-in/out whenever you want. For more details relative to cookies and other sensitive data, please read the full <a href=""#"" class=""cc-link"">privacy policy</a>.","Utilizo cookies para garantir as funcionalidades b√°sicas do site e melhorar a sua experi√™ncia online. Pode optar por ativar/desativar cada categoria sempre que desejar. Para mais detalhes sobre cookies e outros dados sens√≠veis, por favor leia a <a href=""#"" class=""cc-link"">pol√≠tica de privacidade</a> completa."
"Strictly necessary cookies","Cookies estritamente necess√°rios"
"These cookies are essential for the proper functioning of my website. Without these cookies, the website would not work properly.","Estes cookies s√£o essenciais para o funcionamento adequado do meu site. Sem estes cookies, o site n√£o funcionaria corretamente."
"Performance and Analytics cookies","Cookies de desempenho e an√°lise"
"These cookies allow the website to remember the choices you have made in the past (such as your username, language, or the region you are in) and provide enhanced, more personal features. They may also be used to provide services you have requested such as watching a video or commenting on a blog. The information these cookies collect may be anonymized and they cannot track your browsing activity on other websites.","Estes cookies permitem que o site lembre-se das escolhas que fez no passado (como o seu nome de utilizador, idioma ou regi√£o em que se encontra) e forne√ßa funcionalidades aprimoradas e mais pessoais. Tamb√©m podem ser usados para fornecer servi√ßos que tenha solicitado, como assistir a um v√≠deo ou comentar um blog. As informa√ß√µes recolhidas por estes cookies podem ser anonimizadas e n√£o conseguem rastrear a sua atividade de navega√ß√£o noutros sites."
"Advertisement and Targeting cookies","Cookies de publicidade e direcionamento"
"These cookies collect information about how you use the website, which pages you visited and which links you clicked on. All of the data is anonymized and cannot be used to identify you.","Estes cookies recolhem informa√ß√µes sobre como utiliza o site, quais p√°ginas visitou e quais liga√ß√µes clicou. Todos os dados s√£o anonimizados e n√£o podem ser usados para o identificar."
"For any queries in relation to our policy on cookies and your choices, please <a class=""cc-link"" href=""/contact"">contact us</a>.","Para quaisquer quest√µes relacionadas com a nossa pol√≠tica de cookies e as suas escolhas, por favor <a class=""cc-link"" href=""/contact"">contacte-nos</a>."
"Used to distinguish users.","Utilizado para distinguir utilizadores."
"Domain","Dom√≠nio"
"Expiration","Expira√ß√£o"
"2 years","2 anos"
"1 day","1 dia"
