"We use cookies!","–ú—ã –∏—Å–ø–æ–ª—å–∑—É–µ–º —Ñ–∞–π–ª—ã cookie!"
"Hi, this website uses essential cookies to ensure its proper operation and tracking cookies to understand how you interact with it. The latter will be set only after consent. <button type=""button"" data-cc=""c-settings"" class=""cc-link"">Let me choose</button>","–ü—Ä–∏–≤–µ—Ç! –≠—Ç–æ—Ç –≤–µ–±-—Å–∞–π—Ç –∏—Å–ø–æ–ª—å–∑—É–µ—Ç –Ω–µ–æ–±—Ö–æ–¥–∏–º—ã–µ —Ñ–∞–π–ª—ã cookie –¥–ª—è –æ–±–µ—Å–ø–µ—á–µ–Ω–∏—è –µ–≥–æ –Ω–∞–¥–ª–µ–∂–∞—â–µ–π —Ä–∞–±–æ—Ç—ã –∏ —Ñ–∞–π–ª—ã cookie –¥–ª—è –æ—Ç—Å–ª–µ–∂–∏–≤–∞–Ω–∏—è –≤–∞—à–∏—Ö –¥–µ–π—Å—Ç–≤–∏–π –Ω–∞ —Å–∞–π—Ç–µ. –ü–æ—Å–ª–µ–¥–Ω–∏–µ –±—É–¥—É—Ç —É—Å—Ç–∞–Ω–æ–≤–ª–µ–Ω—ã —Ç–æ–ª—å–∫–æ –ø–æ—Å–ª–µ –≤–∞—à–µ–≥–æ —Å–æ–≥–ª–∞—Å–∏—è. <button type=""button"" data-cc=""c-settings"" class=""cc-link"">–ü–æ–∑–≤–æ–ª—å—Ç–µ –º–Ω–µ –≤—ã–±—Ä–∞—Ç—å</button>"
"Accept all","–ü—Ä–∏–Ω—è—Ç—å –≤—Å–µ"
"Reject all","–û—Ç–∫–ª–æ–Ω–∏—Ç—å –≤—Å–µ"
"Cookie preferences","–ù–∞—Å—Ç—Ä–æ–π–∫–∏ —Ñ–∞–π–ª–æ–≤ cookie"
"Save settings","–°–æ—Ö—Ä–∞–Ω–∏—Ç—å –Ω–∞—Å—Ç—Ä–æ–π–∫–∏"
"Cookie usage üì¢","–ò—Å–ø–æ–ª—å–∑–æ–≤–∞–Ω–∏–µ —Ñ–∞–π–ª–æ–≤ cookie üì¢"
"I use cookies to ensure the basic functionalities of the website and to enhance your online experience. You can choose for each category to opt-in/out whenever you want. For more details relative to cookies and other sensitive data, please read the full <a href=""#"" class=""cc-link"">privacy policy</a>.","–Ø –∏—Å–ø–æ–ª—å–∑—É—é —Ñ–∞–π–ª—ã cookie, —á—Ç–æ–±—ã –æ–±–µ—Å–ø–µ—á–∏—Ç—å –±–∞–∑–æ–≤—É—é —Ñ—É–Ω–∫—Ü–∏–æ–Ω–∞–ª—å–Ω–æ—Å—Ç—å –≤–µ–±-—Å–∞–π—Ç–∞ –∏ —É–ª—É—á—à–∏—Ç—å –≤–∞—à –æ–Ω–ª–∞–π–Ω-–æ–ø—ã—Ç. –í—ã –º–æ–∂–µ—Ç–µ –≤—ã–±–∏—Ä–∞—Ç—å, –∞–∫—Ç–∏–≤–∏—Ä–æ–≤–∞—Ç—å –∏–ª–∏ –¥–µ–∞–∫—Ç–∏–≤–∏—Ä–æ–≤–∞—Ç—å –∫–∞–∂–¥—É—é –∫–∞—Ç–µ–≥–æ—Ä–∏—é –≤ –ª—é–±–æ–µ –≤—Ä–µ–º—è. –î–æ–ø–æ–ª–Ω–∏—Ç–µ–ª—å–Ω—ã–µ —Å–≤–µ–¥–µ–Ω–∏—è –æ —Ñ–∞–π–ª–∞—Ö cookie –∏ –¥—Ä—É–≥–∏—Ö –∫–æ–Ω—Ñ–∏–¥–µ–Ω—Ü–∏–∞–ª—å–Ω—ã—Ö –¥–∞–Ω–Ω—ã—Ö –º–æ–∂–Ω–æ –Ω–∞–π—Ç–∏ –≤ –ø–æ–ª–Ω–æ–π <a href=""#"" class=""cc-link"">–ø–æ–ª–∏—Ç–∏–∫–µ –∫–æ–Ω—Ñ–∏–¥–µ–Ω—Ü–∏–∞–ª—å–Ω–æ—Å—Ç–∏</a>."
"Strictly necessary cookies","–ù–µ–æ–±—Ö–æ–¥–∏–º—ã–µ —Ñ–∞–π–ª—ã cookie"
"These cookies are essential for the proper functioning of my website. Without these cookies, the website would not work properly.","–≠—Ç–∏ —Ñ–∞–π–ª—ã cookie –Ω–µ–æ–±—Ö–æ–¥–∏–º—ã –¥–ª—è –ø—Ä–∞–≤–∏–ª—å–Ω–æ–π —Ä–∞–±–æ—Ç—ã –º–æ–µ–≥–æ –≤–µ–±-—Å–∞–π—Ç–∞. –ë–µ–∑ –Ω–∏—Ö —Å–∞–π—Ç –Ω–µ –±—É–¥–µ—Ç —Ñ—É–Ω–∫—Ü–∏–æ–Ω–∏—Ä–æ–≤–∞—Ç—å –¥–æ–ª–∂–Ω—ã–º –æ–±—Ä–∞–∑–æ–º."
"Performance and Analytics cookies","–§–∞–π–ª—ã cookie –¥–ª—è –ø—Ä–æ–∏–∑–≤–æ–¥–∏—Ç–µ–ª—å–Ω–æ—Å—Ç–∏ –∏ –∞–Ω–∞–ª–∏—Ç–∏–∫–∏"
"These cookies allow the website to remember the choices you have made in the past (such as your username, language, or the region you are in) and provide enhanced, more personal features. They may also be used to provide services you have requested such as watching a video or commenting on a blog. The information these cookies collect may be anonymized and they cannot track your browsing activity on other websites.","–≠—Ç–∏ —Ñ–∞–π–ª—ã cookie –ø–æ–∑–≤–æ–ª—è—é—Ç –≤–µ–±-—Å–∞–π—Ç—É –∑–∞–ø–æ–º–∏–Ω–∞—Ç—å –≤–∞—à–∏ –ø—Ä–æ—à–ª—ã–µ –≤—ã–±–æ—Ä—ã (–Ω–∞–ø—Ä–∏–º–µ—Ä, –≤–∞—à–µ –∏–º—è –ø–æ–ª—å–∑–æ–≤–∞—Ç–µ–ª—è, —è–∑—ã–∫ –∏–ª–∏ —Ä–µ–≥–∏–æ–Ω) –∏ –ø—Ä–µ–¥–æ—Å—Ç–∞–≤–ª—è—Ç—å —É–ª—É—á—à–µ–Ω–Ω—ã–µ, –±–æ–ª–µ–µ –ø–µ—Ä—Å–æ–Ω–∞–ª—å–Ω—ã–µ —Ñ—É–Ω–∫—Ü–∏–∏. –û–Ω–∏ —Ç–∞–∫–∂–µ –º–æ–≥—É—Ç –∏—Å–ø–æ–ª—å–∑–æ–≤–∞—Ç—å—Å—è –¥–ª—è –ø—Ä–µ–¥–æ—Å—Ç–∞–≤–ª–µ–Ω–∏—è –≤–∞–º–∏ –∑–∞–ø—Ä–æ—à–µ–Ω–Ω—ã—Ö —É—Å–ª—É–≥, —Ç–∞–∫–∏—Ö –∫–∞–∫ –ø—Ä–æ—Å–º–æ—Ç—Ä –≤–∏–¥–µ–æ –∏–ª–∏ –∫–æ–º–º–µ–Ω—Ç–∏—Ä–æ–≤–∞–Ω–∏–µ –±–ª–æ–≥–∞. –ò–Ω—Ñ–æ—Ä–º–∞—Ü–∏—è, –∫–æ—Ç–æ—Ä—É—é —Å–æ–±–∏—Ä–∞—é—Ç —ç—Ç–∏ —Ñ–∞–π–ª—ã cookie, –º–æ–∂–µ—Ç –±—ã—Ç—å –∞–Ω–æ–Ω–∏–º–∏–∑–∏—Ä–æ–≤–∞–Ω–∞, –∏ –æ–Ω–∏ –Ω–µ –º–æ–≥—É—Ç –æ—Ç—Å–ª–µ–∂–∏–≤–∞—Ç—å –≤–∞—à—É –¥–µ—è—Ç–µ–ª—å–Ω–æ—Å—Ç—å –Ω–∞ –¥—Ä—É–≥–∏—Ö –≤–µ–±-—Å–∞–π—Ç–∞—Ö."
"Advertisement and Targeting cookies","–§–∞–π–ª—ã cookie –¥–ª—è —Ä–µ–∫–ª–∞–º—ã –∏ —Ç–∞—Ä–≥–µ—Ç–∏–Ω–≥–∞"
"These cookies collect information about how you use the website, which pages you visited and which links you clicked on. All of the data is anonymized and cannot be used to identify you.","–≠—Ç–∏ —Ñ–∞–π–ª—ã cookie —Å–æ–±–∏—Ä–∞—é—Ç –∏–Ω—Ñ–æ—Ä–º–∞—Ü–∏—é –æ —Ç–æ–º, –∫–∞–∫ –≤—ã –∏—Å–ø–æ–ª—å–∑—É–µ—Ç–µ –≤–µ–±-—Å–∞–π—Ç, –∫–∞–∫–∏–µ —Å—Ç—Ä–∞–Ω–∏—Ü—ã –≤—ã –ø–æ—Å–µ—â–∞–ª–∏ –∏ –Ω–∞ –∫–∞–∫–∏–µ —Å—Å—ã–ª–∫–∏ –≤—ã –Ω–∞–∂–∏–º–∞–ª–∏. –í—Å—è –∏–Ω—Ñ–æ—Ä–º–∞—Ü–∏—è –∞–Ω–æ–Ω–∏–º–∏–∑–∏—Ä–æ–≤–∞–Ω–∞ –∏ –Ω–µ –º–æ–∂–µ—Ç –±—ã—Ç—å –∏—Å–ø–æ–ª—å–∑–æ–≤–∞–Ω–∞ –¥–ª—è –≤–∞—à–µ–π –∏–¥–µ–Ω—Ç–∏—Ñ–∏–∫–∞—Ü–∏–∏."
"For any queries in relation to our policy on cookies and your choices, please <a class=""cc-link"" href=""/contact"">contact us</a>.","–ï—Å–ª–∏ —É –≤–∞—Å –µ—Å—Ç—å –∫–∞–∫–∏–µ-–ª–∏–±–æ –≤–æ–ø—Ä–æ—Å—ã –æ—Ç–Ω–æ—Å–∏—Ç–µ–ª—å–Ω–æ –Ω–∞—à–µ–π –ø–æ–ª–∏—Ç–∏–∫–∏ –≤ –æ—Ç–Ω–æ—à–µ–Ω–∏–∏ —Ñ–∞–π–ª–æ–≤ cookie –∏ –≤–∞—à–∏—Ö –≤—ã–±–æ—Ä–æ–≤, –ø–æ–∂–∞–ª—É–π—Å—Ç–∞, <a class=""cc-link"" href=""/contact"">—Å–≤—è–∂–∏—Ç–µ—Å—å —Å –Ω–∞–º–∏</a>."
"Used to distinguish users.","–ò—Å–ø–æ–ª—å–∑—É–µ—Ç—Å—è –¥–ª—è —Ä–∞–∑–ª–∏—á–µ–Ω–∏—è –ø–æ–ª—å–∑–æ–≤–∞—Ç–µ–ª–µ–π."
"Domain","–î–æ–º–µ–Ω"
"Expiration","–°—Ä–æ–∫ –¥–µ–π—Å—Ç–≤–∏—è"
"2 years","2 –≥–æ–¥–∞"
"1 day","1 –¥–µ–Ω—å"
